<?xml version="1.0" encoding="UTF-8"?>
<!DOCTYPE hibernate-configuration PUBLIC
    "-//Hibernate/Hibernate Configuration DTD 3.0//EN"
    "http://hibernate.sourceforge.net/hibernate-configuration-3.0.dtd">
<hibernate-configuration>
    <session-factory>
        <!-- database connection settings -->
        <property name="connection.driver_class">com.mysql.jdbc.Driver</property>
        <property name="connection.url">jdbc:mysql://localhost:3306/viatges</property>
        <property name="connection.username">root</property>
        <property name="connection.password"></property>
        <mapping resource="es/florida/accesdades/examen2av/Destinacio.hbm.xml"></mapping> 
    </session-factory>
</hibernate-configuration>